"0","library(wordcloud)"
"2","Warning:"
"2"," package â€˜wordcloudâ€™ was built under R version 4.1.3
"
"2","Loading required package: RColorBrewer
"
"0","tidy_books %>%"
"0","  anti_join(stop_words) %>%"
"0","  count(word) %>%"
"0","  with(wordcloud(word, n, max.words = 100))"
"1","[38;5;232mJoining, by = ""word""[39m
"
"2","Warning in wordcloud(word, n, max.words = 100) :"
"2","
 "
"2"," miss could not be fit on page. It will not be plotted.
"
"2","Warning in wordcloud(word, n, max.words = 100) :"
"2","
 "
"2"," time could not be fit on page. It will not be plotted.
"
